review,sentiment,rating,date
"This product is absolutely amazing! Best purchase I've made all year. Highly recommend it to everyone.",positive,5,2024-01-05
"Terrible experience. The product broke after two days. Complete waste of money.",negative,1,2024-01-06
"It's okay, nothing special. Does the job but don't expect anything extraordinary.",neutral,3,2024-01-07
"Exceeded all my expectations! The quality is outstanding and delivery was super fast.",positive,5,2024-01-08
"Horrible product. Stopped working within a week. Very disappointed with this purchase.",negative,1,2024-01-09
"Average product. Works as described but the build quality feels a bit cheap.",neutral,3,2024-01-10
"Absolutely love it! The design is sleek and the performance is top-notch. Worth every penny.",positive,5,2024-01-11
"Waste of money. The product does not match the description at all. Very misleading.",negative,1,2024-01-12
"Decent product for the price. Not perfect but gets the job done.",neutral,3,2024-01-13
"Fantastic quality! I bought this as a gift and everyone loved it. Will definitely buy again.",positive,5,2024-01-14
"Completely useless. Broke on first use. Returning this immediately.",negative,1,2024-01-15
"Neither great nor bad. Just an ordinary product with average performance.",neutral,3,2024-01-16
"Incredible product! Works perfectly and the customer service was amazing when I had questions.",positive,5,2024-01-17
"Very poor quality. The product smells bad and looks nothing like the pictures.",negative,2,2024-01-18
"It is fine. Nothing to write home about but it serves its purpose.",neutral,3,2024-01-19
"Best product in its category! Super fast, reliable, and looks stunning. 10 out of 10 would recommend!",positive,5,2024-01-20
"Awful. The product arrived damaged and the company refused to help. Stay away!",negative,1,2024-01-21
"Mediocre at best. Expected more based on the reviews. It is just okay.",neutral,3,2024-01-22
"Life-changing purchase! I use it every day and it has made my routine so much easier.",positive,5,2024-01-23
"Do not buy this. It stopped working after a few uses. Total disappointment.",negative,1,2024-01-24
"Fair product. It does what it says but lacks some features I was hoping for.",neutral,3,2024-01-25
"Outstanding value for money! The quality far exceeds what I paid for. Highly satisfied.",positive,4,2024-01-26
"Cheap and flimsy. Fell apart within days. Not worth the price at all.",negative,1,2024-01-27
"Passable but not impressive. Looks decent but performance is mediocre.",neutral,3,2024-01-28
"Simply the best! I have tried many similar products and this one beats them all hands down.",positive,5,2024-01-29
"Extremely disappointed. Product quality is far below what was advertised.",negative,2,2024-01-30
"It works but nothing special about it. Meets basic requirements.",neutral,3,2024-02-01
"Wonderful product! Durable, stylish, and very practical. Exceeded my expectations completely.",positive,5,2024-02-02
"Avoid at all costs. The product is a scam. Does not work as advertised.",negative,1,2024-02-03
"Standard product. Does exactly what the description says, no more no less.",neutral,3,2024-02-04
"Absolutely brilliant! Fast delivery, premium packaging, and the product is top quality.",positive,5,2024-02-05
"Very bad experience. Customer support was rude and the product is defective.",negative,1,2024-02-06
"Mixed feelings about this. Some features are good but others are lacking.",neutral,3,2024-02-07
"Phenomenal product! Every feature works flawlessly. I am a customer for life.",positive,5,2024-02-08
"Garbage product. Returned it immediately. The worst purchase I have ever made.",negative,1,2024-02-09
"Acceptable for the price range. Not the best but not the worst either.",neutral,3,2024-02-10
"Superb quality and great value! Exactly as described and arrived on time.",positive,5,2024-02-11
"Product failed within the first week. Very unreliable and poorly made.",negative,2,2024-02-12
"Middle of the road. Works alright but has room for improvement.",neutral,3,2024-02-13
"Exceptional product! Beautiful design and works better than expected. Love it!",positive,5,2024-02-14
"Not happy with this purchase. The quality is poor and it feels very cheap.",negative,2,2024-02-15
"It is what it is. An average product at an average price.",neutral,3,2024-02-16
"Fantastic! High quality build and excellent performance. Best in class without a doubt.",positive,5,2024-02-17
"Completely broken out of the box. Terrible quality control from this brand.",negative,1,2024-02-18
"Okay product. Does the basics well but lacks advanced features.",neutral,3,2024-02-19
"Incredible value! The product is well made and performs exactly as promised.",positive,4,2024-02-20
"Huge disappointment. Expected much better based on the price tag.",negative,2,2024-02-21
"Pretty average. It functions fine but there is nothing that makes it stand out.",neutral,3,2024-02-22
"Absolutely perfect! Sturdy, elegant, and very functional. Could not be happier.",positive,5,2024-02-23
"Regret buying this. Poor quality and the company has no good customer support.",negative,1,2024-02-24
"Just okay. Works as expected but the quality could definitely be better.",neutral,3,2024-02-25
"Love this product! Great quality, fast shipping, and very well packaged.",positive,5,2024-02-26
"Complete failure. Stopped working on day one. Do not waste your money.",negative,1,2024-02-27
"Solid product overall. Nothing extraordinary but reliable and functional.",neutral,4,2024-02-28
"Amazing purchase! The build quality is premium and the performance is flawless.",positive,5,2024-03-01
"Very disappointing. The material is cheap and it broke easily. Not recommended.",negative,2,2024-03-02
"Decent buy for casual use. Not professional grade but does the job.",neutral,3,2024-03-03
"Brilliant product! Exactly what I needed and it works perfectly. Very happy.",positive,5,2024-03-04
"Terrible product. Misleading photos and description. Complete rip-off.",negative,1,2024-03-05
"It is satisfactory. Nothing exciting but reliable enough for everyday use.",neutral,3,2024-03-06
"Outstanding! Premium quality at a great price. Highly recommend to anyone looking for this.",positive,5,2024-03-07
"Very poor construction. Fell apart immediately. Would not recommend to anyone.",negative,1,2024-03-08
"It is fine for basic use. Not ideal for heavy usage though.",neutral,3,2024-03-09
"Excellent product! Great design and very user-friendly. Will buy from this brand again.",positive,5,2024-03-10
"Awful quality and worse customer service. Never buying from this brand again.",negative,1,2024-03-11
"Average product with average performance. Nothing to complain about but nothing to praise either.",neutral,3,2024-03-12
"Perfect in every way! Looks great, works great, and the price is unbeatable.",positive,5,2024-03-13
"Broken from day one. Absolute waste of money. Seller is unresponsive.",negative,1,2024-03-14
"Neutral experience. Product is adequate for the price.",neutral,3,2024-03-15
"Absolutely love this! High quality craftsmanship and ships faster than expected.",positive,5,2024-03-16
"Extremely poor quality. Not durable at all. Very let down by this product.",negative,2,2024-03-17
"It is acceptable. Works as described but the quality is just average.",neutral,3,2024-03-18
"Wonderful! Great quality, great price, and excellent customer service throughout.",positive,5,2024-03-19
"Do not bother. The product is badly made and customer support is non-existent.",negative,1,2024-03-20
"Ordinary product. Gets the job done without any frills or extras.",neutral,3,2024-03-21
"Superb! Exactly what I needed. The quality is top notch and it looks fantastic.",positive,5,2024-03-22
"Very bad quality. Cheap materials and poor workmanship. Very disappointed.",negative,1,2024-03-23
"Neither impressive nor disappointing. Just a regular product that works fine.",neutral,3,2024-03-24
"Remarkable product! Far exceeded my expectations. Best purchase this year!",positive,5,2024-03-25
"Utter garbage. Does not work and the company will not issue a refund.",negative,1,2024-03-26
"Works fine for light usage. Not great for intensive tasks.",neutral,3,2024-03-27
"Absolutely stunning product! Beautiful, functional, and excellent value for money.",positive,5,2024-03-28
"Regretted this purchase from day one. Very poor quality and bad packaging.",negative,2,2024-03-29
"It is okay. Not the best on the market but does what it needs to.",neutral,3,2024-03-30
"Great product! Solid build quality and it performs exactly as advertised.",positive,4,2024-04-01
"Waste of time and money. Product does not match the description whatsoever.",negative,1,2024-04-02
"Plain and simple. Average product with standard performance.",neutral,3,2024-04-03
"Highly impressed! The quality is exceptional and it arrived ahead of schedule.",positive,5,2024-04-04
"Completely useless product. Already tried to contact the seller with no response.",negative,1,2024-04-05
"Just a regular product. No complaints but no real praise either.",neutral,3,2024-04-06
"Fantastic buy! Great quality and the customer service team was very helpful.",positive,5,2024-04-07
"Terrible. Product stopped working within hours of unboxing it.",negative,1,2024-04-08
"Adequate for the purpose. Not exceptional but reliable enough.",neutral,3,2024-04-09
"Love it! Well made, attractive design, and works better than I hoped.",positive,5,2024-04-10
"Poorly made and overpriced. Very disappointed with this purchase.",negative,2,2024-04-11
"Reasonable product. Does the basics but nothing beyond that.",neutral,3,2024-04-12
"Exceptional quality! This product is everything I was hoping for and more.",positive,5,2024-04-13
"Absolute rubbish. Fell apart immediately. Would not recommend at all.",negative,1,2024-04-14
"Suitable for basic needs but not suitable for serious use.",neutral,3,2024-04-15
"Perfect product! Arrived on time, well packaged, and works flawlessly.",positive,5,2024-04-16
"Very unhappy. The product does not deliver on its promises at all.",negative,2,2024-04-17
"Not bad, not great. An average product at an average price point.",neutral,3,2024-04-18
"Incredible! Best product I have purchased in years. Highly recommended!",positive,5,2024-04-19
"Appalling quality. Stopped working immediately. Avoid this product.",negative,1,2024-04-20
